時間戳記,公司名稱,職務(名片上的前綴抬頭),"職級(Junior, Senior, Staff, etc...)",相關年資（年）,現職年資（年）,月底薪（萬元，新台幣）,Bonus（幾個月）,總年薪（萬元，含分紅、年終與底薪）,每日平均工時（小時）,每月加班情況,加班頻率（1–5，1＝幾乎不加班，5＝非常頻繁）,爽度（1–5，5＝最爽）,Loading（1–5，5＝最忙）,心得、是否推薦、面試相關資訊等
2026/8/28 上午 3:04:57,匿名, SA,無,4,4,7,2,105,7,幾乎沒有,1,4,3,
2026/8/28 上午 6:34:43,ITRI,RD,資深工,9,9,12,3.5,170,9,不常,2,3,3,
2026/8/28 上午 9:37:46,美超微,product manager,Junior,15,3,12,2,250,8,不常,1,3,1,非核心產品部門不要來
2026/8/28 上午 10:09:09,石敢當科技股份有限公司,系統工程師,Staff,5,1,54000,2,76,8,0,1,4,1,
2026/8/28 上午 10:18:05,CYBERBIZ,前端工程師,一般,7,4,66萬,2,90,8,0,1,3,3,每個team的氣氛差很大
2026/8/28 上午 10:20:09,曙客股份有限公司,Android Software Engineer,Senior,3.8,0.7,79000,2,113400,7,0,1,3,2,
2026/8/28 上午 10:32:10,cyberlink,Engineer,Junior,1.8,1.8,8.8,1.6,137,8,一周1-2天,2,4,3,
2026/8/28 上午 10:36:16,中佑資訊,資深軟體工程師,Senior,7.5,7.5,720000,3,1050000,3,0,1,4,2,
2026/8/28 上午 10:43:57,CHT,高級工程師,Senior ,5.5,5.5,83000,7.5,145,2.5,0,1,5,2,
2026/8/28 上午 11:15:42,新思科技,Software Engineer,Staff,8,8,17,1,225,9,還好,3,1,3,CEO快下台
2026/8/28 上午 11:16:48,益華電腦,Solution Engineer,Principle,6,1,20,3,285,7,無,2,4,3,
2026/8/28 上午 11:19:41,國泰,前端,高級工程師,6,2,5.7,9,120,8,幾乎不,1,4,4,適合養老，部門落差很大
2026/8/28 上午 11:28:44,CYBERBIZ,資深工程師,Senior,4,4,5.6,3,95,8,0,1,4,3,推，不敢說薪資很好，但工作環境和文化應該是前段班，如果想追求穩定，工作和生活平衡可以來面試看看。但目前只找資深。
2026/8/28 上午 11:41:02,dcard,senior backend engineer ,senior ,8,4,11,1,140,7,0,1,5,3,非常推薦，但每年裁員
2026/8/28 上午 11:44:12,凌群電腦,軟體工程師,Junior,3,1,53000,2,70,8,0,1,3,2,
2026/8/28 上午 11:52:02,精誠資訊,程式分析師,Junior,2.5,1,4.6,1,59.8,7,無,1,3,3,剛畢業可以來
2026/8/28 下午 12:51:55,三竹資訊股份有限公司,後端工程師,Junior,2,1,6,2,84,9,常常0.5~1個小時,3,1,4,"否，大主管不喜歡新技術，像是k8s,nginx"
2026/8/28 下午 1:06:11,向上國際科技股份有限公司,後端工程師,資深後端工程師,3,1個月,65000,2,91,8,剛來還不知道,2,3,2,
2026/8/28 下午 1:19:27,Synopsys,R&D,Staff,4,3,14,1.1,180,3,0,1,4,1,$$只有GG同年資不到一半
2026/8/28 下午 1:27:18,TSMC,Senior IT,Senior,5,4,95000,24,380,9,<20,3,3,4,
2026/8/28 下午 1:29:39,鴻騰精密,工程師,師三,4.5,1,85000,5,150,9,10～20,3,4,3,
2026/8/28 下午 2:13:56,國泰世華銀行,工程師,工程師,9,1.5,760000,4,120,7,2-3小時,1,4,2,很看單位，單位工作需求偏少時很閒要找事做，公司有買AI叫大家要好好使用，穩定上下班，上班風氣也不錯，剛進來前以為很傳統封閉，其實沒有。
2026/8/28 下午 2:14:38,士林電機,PLC軟體工程師,資深組長,10,10,6.6,3,92.4,10,很多,5,2,5,"不推薦,能力好和能力差的薪水及獎金差異不大"
2026/8/28 下午 2:36:21,Mastercard Taiwan,Associate Manager Consultant - GenAI engineer ,Senior +,8,1,110000,1.2,1600000,9,10小時,3,3,4,真外商福利、真外商壓力
2026/8/28 下午 2:54:27,鴻海精密工業,資深工程師,Senior,5,0,80000,6-8,160,8,0,1,4,3,
2026/8/28 下午 3:02:03,台達,AI Senior Engineer,Senior,4,3,6.7,4,115,8,0,1,4,1,
2026/8/28 下午 4:08:28,捷而思股份有限公司,程式設計師,junior,4,4,4.8,1,63,8,0,1,5,1,乙方SI 適合新手
2026/8/28 下午 4:10:49,Cathay United Bank 國泰世華銀行,SRE,Senior,5,5,8,8,1700000,8,2,2,5,2,門檻低、薪資不錯
2026/8/28 下午 4:37:45,中華電信,研究員,Junior,2.5,2.5,6.7,7,135,8,0,1,5,1,工作起來完全沒有成就感
2026/8/28 下午 4:38:54,台達電子,資深軟體工程師,S3,5.7,5.7,91000,8.6,"1,850,000",10,30h,4,1,4,不推薦 血汗地方
2026/8/28 下午 4:44:35,ITRI,資深工程師,資深工程師,10,10,12,3.5,180,9,10,3,3,3,
2026/8/28 下午 5:51:02,Wipro,Hardware test,Mid,4,0.5,9.5,1,130,8,0-4,1,2,2,
2026/8/28 下午 5:54:59,AMD,Sys Validation Engineer,MTS,15,230,169200,1,330,6,0,2,2,3,
2026/8/28 下午 6:06:46,趨勢科技,資深工程師,Senior,1年,1年,9.5,2,135,8,偶爾,2,4,3,推！公司內 data ai DevOps infra 想碰都可以碰 也很願意給機會，只要表現好就有機會升，也有很多內部培訓，是蠻願意栽培人的地方！
2026/8/28 下午 6:57:42,TSMC,資深軟體工程師,Senoir,11,3,9,35,400,9,15,2,2,5,
2026/8/28 下午 7:05:28,普鴻資訊,PG,Junior,1,1,5.5,2,77,8,每月加班平均3小時,2,2,4,
2026/8/28 下午 7:10:11,昕力資訊,系統設計師,Staff,6,1.6,7.4,1,100,8,無,1,5,2,推薦面試.net工程師 總部的
2026/8/28 下午 7:54:38,中華電信研究院,高級研究員,高級研究員,5,5,100000,6.5,185,6,0,1,4,4,
2026/8/28 下午 8:11:56,關貿網路(高雄),軟體工程師,senior,6,6,4.3,5,90,8,無,1,4,2,高雄傾向便宜白紙，企業文化傳統，白紙入門可以推薦
2026/8/28 下午 8:22:39,新代科技,軟體研發工程師,Junior,0,2,76000,9,1700000,8,幾乎0,1,5,3,
2026/8/28 下午 8:41:44,中華電信股份有限公司,工程師,工程師,10,3,78000,20,160萬元,7,0,1,5,1,
2026/8/28 下午 9:10:53,匿名,SA,無,5,5,5.1,1,70,8,偶爾,3,2,4,SI公司
2026/8/28 下午 10:00:29,Wipro,Hardware test,Mid,4,0.5,9.5,1,130,8,0-4,1,2,2,
2026/8/28 下午 11:18:31,中山科學研究院,副工程師,Senior,9,9,10.8,1.5,150,8,無,1,4,3,
2026/8/28 下午 11:20:54,傳奇網路遊戲,電玩程式設計,Junior,6,6,4.4,1,57.2,8,0,1,5,2,
2026/8/28 下午 11:27:22,CTBC 中國信託,軟體工程師,9,4,4,8,6,160,8,0,1,5,1,養老缺 很爽
2026/8/28 下午 11:57:55,新思科技,EDA SE,SR Staff,14,6,28,1.68,450,6,0,2,4,3,推薦，但建議像我一樣6年以上再來我們公司
2026/8/29 上午 12:07:26,恒吉佳國際有限公司,全端工程師,Mid-Level,4,2,62000,2,860000,8,0,1,4,3,養老
2026/8/29 上午 1:18:17,華新麗華股份有限公司,工業AI應用工程師,Junior,1,1,46500,5.5,83萬,8,無,1,4,2,推薦 練功 想養老 都可以來
2026/8/29 上午 6:04:33,Windar Photonics,Junior Embedded Software Engineer,Junior,8個月,8個月,130000,0,1560000,8,無,1,3,4,
2026/8/29 上午 6:28:01,佑全藥品,資訊專員,junior,3,3,3.6,1,46,8,1hr,2,3,4,雖然名義上後端開發但會碰到很多mis的事
2026/8/29 上午 10:40:22,不提供,後端主管,Manager,8,4,16,1,208,9,Soso,3,3,3,
2026/8/29 上午 11:48:09,外商系統廠,Software Engineer,Junior,2,2,6.8,4~5,116,1,0,1,5,1,IT養老
2026/8/29 下午 12:13:58,不便透露,軟體工程師,Junior,1,1,5,4,80,9,不一定,3,2,4,
2026/8/29 下午 12:49:56,昕力資訊,工程師,無,2,0.1,6,1-1.5,80,6,無,1,4,2,跟對處好像很重要，整體挺 WLB，公司也很多學習資源
2026/8/29 下午 1:26:16,人工智能,專案工程師,2職等算是junior,2,2y1m,47800,看績效可能都沒有，好的話至少1，或以上,59,8,目前剛做1個月多一點，有加過2-3次，看同事們是蠻頻繁的,4,3,2,職場輕，技術主管之類的前輩不佔少數，產品種類多元，主要做智能相關的客製化系統，面試難度還行，可以內部轉組的機會高，可以橫向縱向發展
2026/8/29 下午 1:35:52,群暉科技,Senior Product Developer,Senior,4,4,11,12,288,8,0,1,3,4,
2026/8/29 下午 2:57:57,Tesla,AP Engineer,Senior,5.5,2.5,497,0,2600,8,Depends,3,3,3,
2026/8/29 下午 3:39:16,台灣企銀,高級工程師,8職等,5,1.5,55100,8.3,116,7,3小時～5小時,1,4,2,躺平好地方
2026/8/29 下午 4:39:02,國泰世華銀行股份有限公司,高級專員,Mid-level,5,2,60700,4,971000,8,普遍,3,3,4,"IT Team核心類技術性很老不建議
對外系統維運類技術較新可研究"
2026/8/29 下午 6:55:38,中華電信,軟體工程師,senioe,6,3,78000,18,150,3,o,1,5,1,
2026/8/29 下午 7:53:34,工業技術研究院,工程師,工程師,10,5,85000,6,150,8,非常少,1,4,3,以上為個人數據，雖說吃大鍋飯，單位間還是差異很大
2026/8/29 下午 9:19:12,Momo / 富邦媒體科技股份有限公司,資深資料工程師,Senior,3,1,72000,3,110,6,不加班,1,3,3,
2026/8/29 下午 9:21:36,遊戲橘子,資料科學家,Junior,2,2,5.2,1,68,5,很偶爾加班,2,5,2,
2026/8/29 下午 9:25:37,台積電,IT Engineer,Senior,5,5,8,38,400,9,20,4,2,5,薪水很高
2026/8/29 下午 9:30:10,Synology,QA Engineer,Junior,4,4,5,3,87,8,0,1,4,2,不加班但錢是真的少…
2026/8/29 下午 9:36:11,台灣ＯＯ股份有限公司,前端工程師,Junior,2.7,2.7,5.8,1.7,83.6,8,0,1,4,2,
2026/8/30 上午 12:51:43,TSMC,IT,Senior,7,1.5,8.5,34,400,10,幾乎每天,5,2,4,缺錢才來
2026/8/30 上午 4:46:11,NVIDIA,SW engineer ,Senior,8,8,18,7.5,400,40,0,3,2,4,不推薦
2026/8/30 上午 6:21:55,星展銀行,軟體工程師,Junior,4,4,9,4,150,8,10,3,4,4,
2026/8/30 下午 9:22:15,思量科技,PM,Senior,7,1,12,2.8,190,8.5,有但不多,2,2,4,已停止徵才
2026/8/31 上午 12:16:00,ASML,Software engineer,Senior,16,5,12,6,240,8,偶爾加班，時差開會,2,3,3,
2026/8/31 上午 12:30:50,Yahoo,Software Engineer,Junior,3.5,1.5,88000,1,126,8,通常不加班,1,4,3,
2026/8/31 上午 8:22:34,香港商科銳台灣分公司,軟體工程師,Junior,1,1,48000,0,63,8,從沒加過班,1,5,3,
2026/8/31 上午 8:29:44,中天電視,資訊處專案開發,Senior,5,0.25,58000,1,760000,8.5,0,1,5,1,
2026/8/31 下午 6:34:58,全景軟體,工程師,Junior,1,1,45000,4.5,743000,8,幾乎不,1,3,2,薪水不高 其他都很推
2026/8/31 下午 8:37:04,tsmc,高級工程師,Senior,16,10,10.5,40,540,9,0,2,4,2,
2026/8/31 下午 10:52:26,中菲電腦,程式設計師,Junior,2,2,38000,7,72,8,1到2次 一次一小時,2,4,4,可以練功
2026/9/1 上午 7:51:18,康大資訊股份有限公司,前端工程師,無詳細區分,5,3,62000,1.5,85萬元,8,沒加過班,1,4,2,很推
2026/9/1 上午 9:07:47,捷而思股份有限公司,程式設計師,junior,1,1,3.8,1,50,8,準時下班,1,3,3,適合新手
2026/9/1 下午 2:36:03,微星科技,資深工程師,Senior,7,7,7,8,140,8,0,1,5,1,微星科技，雖然沒跟上AI 潮流，但還算能待的公司
2026/9/1 下午 6:49:48,Chunghwa Telecom 中華電信,工程師,Junior,4,2.5,6,8,150,8,0,1,5,1,
2026/9/2 上午 8:52:44,NetSkope,SWE,Senior,3,4,13,2,230,9,0,3,2,4,
2026/9/2 下午 5:17:10,Binance,Architect,Senior,12,1,250000,4,400,8,5,1,3,2,"每個組文化不同看你運氣了，面試五面，技術關*3,跨組面試*1,TA*1 ，面試深度和廣度比台灣公司高很多"
2026/9/2 下午 5:30:07,三竹資訊,軟體工程師,無,4,2,57000,2,79.8,8,無,1,5,3,"工作風氣和壓力要看部門
我主要是負責幫卷商做案子和開發自有的XX股市產品"
2026/9/3 上午 8:42:56,TSMC,SENIOR SOFTWARE ENGINEER,SENIOR,8,2.5,8.432,40,420,9,30,3,3,3,
2026/9/3 上午 9:09:43,網際智慧,Ai應用工程師,middle,3,1,75000,1,987000,6,5,1,4,3,
2026/9/4 上午 9:13:01,台灣大哥大,資深工程師,Senior,4,5,51000,6,910000,8,1,2,5,2,大部分工作時間其實挺閒的，不過薪資幾乎不調整，如果是追求薪資的話沒辦法久待。
2026/9/4 上午 10:00:57,中華電信,高級研究員,高級研究員,9,9,8,8,160,8,0,1,5,2,
2026/9/4 上午 10:01:50,IBM,Application Consultant,Junior,6,4.5,11,1,150,9,自主加班,3,3,4,很看專案，大部分案子都很忙時程很短
2026/9/4 下午 8:20:26,ASML,FSE,JG5,0,1,62000,6.9,155,12,0,1,3,3,👍
2026/9/5 上午 12:15:22,華碩電腦,SWE RD,MID,2,0.8,64800,4,110,6.5,無,1,5,4,
2026/9/5 下午 7:27:40,欣富科技,程式設計師,Junior,1,2,2.7,4.5,44.5,8,無,1,3,1,
2026/9/5 下午 7:29:19,資拓宏宇,副工程師,Senior,5.5,3.5,5.3,2,75,8,無,1,3,3,
2026/9/8 上午 10:23:45,智邦科技,硬體工程師,Junior,11,5.5,86500,22,300,8.5,0,2,4,2,
2026/9/10 下午 4:54:31,國泰世華銀行,工程師,Senior ,8,3,7,6,130,7,低,1,4,2,
2026/9/10 下午 10:01:16,TSMC,軟體工程師,Senior,6,3,8,40,350,8,每月10～15小時,4,2,3,
2026/9/11 上午 1:33:32,碩誠國際股份有限公司,資深工程師,Senior,20,3,12.3,0,147.6,8,1,1,3,3,
2026/9/11 上午 11:09:18,大數據股份有限公司,助理工程師,Junior,1,1,4.5,2,54,8,0,1,2,2,
2026/9/11 上午 11:10:26,杰悉科技,後端工程師,Junior,2.5,1.5,6.3,1,82,8,0,1,2,2,
2026/9/14 下午 1:27:52,104資訊科技人力銀行,高級工程師,Senior,5,2,59500,2,100,9,偶而,2,3,4,
2026/9/14 下午 9:38:13,遠傳,工程師,Jr.,5,3,47000,4,80,42,偶爾,2,3,3,適合養老、新手，挑戰一般
2026/9/15 上午 9:27:53,台灣通用器材,系統工程師,Senior,17,14,95000,2,140,8,0,1,2,3,養老的公司，事情很多，但能準時上下班
2026/9/17 下午 11:24:11,鴻勁精密,軟體工程師,RD,1.5,1.5,46000,49,300,12,幾乎每天,5,3,5,工作氣氛好，服務業，客戶難搞
2026/9/20 下午 8:26:59,和訊股份有限公司,程式設計師,Junior,0,0.1,50000,1,650000,8,0,1,2,5,不推薦.. 公司沒什麼制度可言，基本上就是上一個人怎麼做就怎麼做，沒有文件、需求一路從分析到安排時間，寫規格到開發測試部署一條龍，不是一個完整可以帶到下一份工作的工作模型，但確實可以學到蠻多東西的。
2026/9/20 下午 10:57:59,弘訊科技,高階工程師,Senior,25,5,10,4,160,8,0,1,3,3,
2026/9/21 下午 6:49:37,雲端行動科技,android工程師,senior,8,6,64200,1.3,85,7,0,1,3,1,悠閒可以賺錢不行
2026/9/27 下午 6:35:24,Taiwan Mobile 台灣大哥大,全端工程師,資深工程師,3,3,51000,18,918000,8,偶爾,1,5,2,如果不在意薪水的話推薦